Employee Name,ID #,Phone Number,Address,Email,Pledge,Team,Date Hired
Quinlan H. Byrd,1646121304299,(966) 987-1153,"1606 Sem, Ave",parturient.montes.nascetur@eget.org,$27.11 ,orange,3/10/93
Jonas R. Cooke,1695013027899,(962) 245-9905,"946-6253 Placerat, Road",Quisque.fringilla@lacus.org,$98.97 ,violet,5/8/07
Orson O. Avery,1685050803499,(988) 873-9711,412-2604 Cursus. St.,magna@pellentesqueSed.edu,$86.65 ,green,3/9/99
Carter G. Downs,1637032054699,(770) 578-5694,Ap #962-8817 Morbi St.,id@anteNunc.edu,$57.56 ,violet,5/8/84
Gage B. Guthrie,1667060110799,(816) 748-8187,"2828 A, Rd.",dolor.Quisque.tincidunt@ametluctus.com,$64.39 ,violet,1/1/00
Cairo N. Cline,1659051648899,(663) 924-5779,9001 Vestibulum Av.,Ut.semper.pretium@miAliquamgravida.com,$95.25 ,blue,6/1/84
Ian J. Martinez,1621021083799,(666) 950-7983,Ap #495-6305 Nulla. Street,tempor@lorem.co.uk,$62.21 ,red,10/5/17
Kylee F. Blevins,1695051610399,(934) 813-0967,Ap #875-1968 Augue Rd.,dolor@inaliquet.net,$27.62 ,orange,11/2/93
Myles F. Poole,1698061525699,(174) 332-2210,Ap #573-6629 Ornare. St.,odio@gravida.net,$49.31 ,red,8/1/06
Adria C. Benjamin,1692072232699,(896) 895-0374,"Ap #443-6889 Purus, Rd.",erat.semper.rutrum@tristique.ca,$50.94 ,violet,10/31/97
Troy E. Gentry,1607120666099,(157) 487-6960,"P.O. Box 653, 3484 Gravida. St.",ut@DonecegestasAliquam.net,$45.55 ,blue,5/27/97
Nyssa R. May,1662031883899,(524) 285-6487,829 Dictum St.,semper.rutrum@vehicula.com,$14.47 ,green,4/1/84
Amery Z. Robbins,1606112969699,(804) 242-0655,1130 Luctus Rd.,morbi.tristique.senectus@PraesentluctusCurabitur.net,$83.40 ,blue,3/12/72
Brynne U. Miles,1677120791999,(183) 157-4908,495-3687 Porttitor Avenue,netus.et.malesuada@Nunc.com,$74.86 ,green,3/10/93
Selma S. Gay,1606101934399,(974) 280-1910,"P.O. Box 911, 8756 Est. St.",consequat.auctor@vitaeerat.co.uk,$39.74 ,violet,5/8/07
Kyle Y. Hudson,1697091713399,(557) 411-5750,Ap #767-9241 Lorem Av.,tortor@pede.com,$33.89 ,violet,3/9/99
Aspen R. Mcguire,1676021099399,(256) 535-0096,"Ap #914-5074 Ac, Ave",pretium.et@sit.ca,$10.64 ,yellow,5/8/84
Nicole U. Harrington,1620061978899,(343) 703-6970,"3534 Vitae, Ave",Nulla@montesnascetur.org,$82.93 ,indigo,1/1/00
Kenyon J. Glover,1653050626699,(369) 785-4323,307-9888 Vel Rd.,senectus.et@nonhendreritid.co.uk,$3.87 ,red,6/1/84
Ivana G. Mendez,1641040438499,(166) 974-2989,Ap #391-6920 Egestas. St.,elementum.purus.accumsan@non.net,$10.86 ,orange,8/1/06
Hermione E. Workman,1643070171499,(261) 611-2699,Ap #466-4455 Malesuada Ave,magna.et@etmagnisdis.ca,$94.07 ,indigo,10/31/97
Cathleen V. Knowles,1609030862999,(517) 308-4420,222-4789 Dapibus St.,tellus.imperdiet.non@vestibulumlorem.edu,$22.54 ,indigo,8/1/06
Jack O. Gilmore,1683120110299,(507) 972-2476,149-2887 Proin Av.,elit.Curabitur.sed@facilisis.edu,$67.05 ,blue,10/31/97
Hollee Y. Cole,1656061087399,(916) 153-3819,"P.O. Box 917, 4740 Gravida. Rd.",enim@nasceturridiculus.ca,$41.04 ,indigo,5/27/97
Rebekah N. Mathis,1650013068699,(920) 138-7755,"P.O. Box 917, 7901 Ac St.",Donec.tincidunt.Donec@Crasloremlorem.net,$99.34 ,orange,4/1/84
Cairo S. Crane,1606040864999,(453) 325-2981,"P.O. Box 234, 620 Eu, St.",enim.nisl@euelitNulla.org,$28.09 ,indigo,3/12/72
Cain W. Banks,1671122847199,(610) 721-6476,6560 Dis Rd.,ac@tristique.ca,$65.37 ,yellow,5/8/84
John T. Hobbs,1640090643899,(613) 668-1022,305-4206 Ac Rd.,Nunc.laoreet@acfacilisis.co.uk,$24.18 ,orange,3/10/93
Neve S. Reynolds,1631101425299,(712) 929-8348,Ap #345-4287 Sociis Ave,et@Nullam.co.uk,$0.59 ,indigo,5/8/07
Olivia C. Lowery,1688092512599,(265) 853-7649,Ap #814-5421 Cras St.,at.libero.Morbi@sem.ca,$70.11 ,violet,3/9/99
Kareem V. Park,1698091470299,(906) 317-1768,746-4578 Cras St.,sed@leoCras.edu,$69.52 ,violet,5/8/84
Matthew T. Avery,1611122300699,(334) 266-2588,Ap #697-2631 Phasellus St.,metus.urna.convallis@perinceptos.net,$15.63 ,yellow,1/1/00
Beau K. Bridges,1658112326199,(485) 680-1101,4665 Tortor. Avenue,Quisque.varius@Duis.edu,$29.15 ,violet,2/12/84
Nina J. Soto,1668012586599,(577) 292-5555,"P.O. Box 497, 6348 Felis, St.",mauris.Suspendisse@volutpat.com,$0.85 ,indigo,6/1/84
Irene I. Moore,1627030921899,(898) 605-1377,"9630 Et, Rd.",gravida.sagittis.Duis@malesuadaaugue.org,$37.47 ,indigo,6/1/84
Hilda S. Mcconnell,1655102652799,(691) 155-9309,Ap #225-6732 Aenean Ave,massa.Suspendisse.eleifend@enimEtiamgravida.co.uk,$20.98 ,violet,6/1/84
Karleigh Z. Jenkins,1687070237799,(554) 256-1987,850-6653 Sed Avenue,ante@Mauris.co.uk,$19.90 ,green,9/3/85
Henry G. Fry,1666042428099,(482) 694-5902,"5362 Montes, Rd.",purus.gravida.sagittis@Vivamus.org,$33.77 ,violet,11/2/93
Carol W. Sheppard,1600032889599,(865) 787-3040,"P.O. Box 870, 3158 Magna St.",Lorem.ipsum@duiinsodales.edu,$67.51 ,violet,11/2/93
Branden K. Cantrell,1687100294399,(936) 280-6686,7833 Pellentesque St.,cursus@enimcommodohendrerit.com,$25.79 ,red,5/27/97
Guinevere I. Bryan,1648051054799,(163) 644-6475,"P.O. Box 632, 6262 Sagittis. Ave",varius@orciluctuset.org,$6.88 ,indigo,10/31/97
Jordan S. Stein,1638112649499,(204) 356-6124,331-559 Duis Rd.,libero.Proin@Fuscealiquamenim.edu,$23.85 ,blue,8/1/06
Carissa L. Hines,1628052908499,(148) 763-9990,"P.O. Box 928, 6882 Quam. Road",lorem.Donec@ligulaNullam.edu,$52.74 ,yellow,8/1/06
Valentine Z. Parsons,1656111698099,(573) 935-0173,9241 Integer Road,consectetuer.mauris@musProin.ca,$69.53 ,yellow,8/1/06
Fitzgerald C. Shaw,1645091248899,(728) 584-5760,Ap #404-5075 Nulla St.,eros.Nam.consequat@sapien.co.uk,$13.01 ,blue,9/5/16
Martina O. Houston,1651020856299,(566) 867-0363,9168 Tellus. Ave,Aenean.massa@pede.co.uk,$4.40 ,green,10/5/17
Veda F. Cabrera,1668060711899,(590) 292-5812,"P.O. Box 468, 3669 Blandit Rd.",auctor@vestibulumneceuismod.org,$28.61 ,green,10/5/17
Abbot O. Baird,1635020837599,(361) 323-7165,3365 Sed Street,sem.eget.massa@in.ca,$7.83 ,orange,3/10/93
Amos L. Maddox,1602042858799,(214) 574-5352,Ap #652-4818 Mollis. Avenue,Nam.consequat@Nam.ca,$93.26 ,indigo,5/8/07
Kaseem P. Daugherty,1601010106799,(243) 268-6034,700-2445 Porttitor St.,nisi.Mauris@fringilla.org,$74.63 ,orange,3/9/99
Drake Q. Thompson,1690091681199,(400) 166-9439,"Ap #453-4716 A, Street",ornare.placerat.orci@nec.ca,$14.95 ,red,5/8/84
Martina P. Garza,1643091786699,(524) 439-3310,9821 Integer St.,risus.at@lacus.edu,$32.11 ,indigo,6/1/84
Pascale E. Paul,1649051789799,(439) 665-6960,905-9357 Etiam Av.,nibh.Phasellus@luctus.com,$37.38 ,indigo,10/5/17
Brett D. Gentry,1611032473499,(799) 378-6353,831-3790 Feugiat Av.,egestas.Aliquam@enimcommodo.co.uk,$19.98 ,yellow,11/2/93
Holly E. Best,1649042712599,(193) 606-1748,Ap #214-6694 Convallis Avenue,pede@venenatisvel.edu,$58.13 ,indigo,8/1/06
Haviva S. Joyner,1653120692799,(586) 982-1942,6588 Congue Street,quis@Nam.edu,$10.36 ,orange,10/31/97
Jordan Q. Blankenship,1602082457799,(620) 301-2947,"P.O. Box 701, 1486 Integer Rd.",imperdiet.ullamcorper@justonec.org,$70.32 ,red,10/5/17
Savannah U. Frost,1694092481699,(645) 521-4950,7066 Est Rd.,sapien@sociosquadlitora.org,$76.30 ,blue,10/5/17
Erasmus S. Albert,1668090712799,(205) 763-8040,Ap #596-2282 Elementum Av.,arcu@semutcursus.ca,$43.39 ,yellow,5/8/84
Zeph C. Travis,1628072346999,(295) 161-7728,Ap #587-5488 Adipiscing. Rd.,elementum.sem@at.co.uk,$91.76 ,yellow,1/1/00
Charles P. Rosales,1669050696599,(380) 400-4718,Ap #506-3303 Ornare Ave,euismod.mauris.eu@Aliquam.net,$37.46 ,green,2/12/84
Hedwig T. Henry,1660101776899,(433) 325-2767,"P.O. Box 368, 239 Eget, Street",Suspendisse.ac.metus@non.org,$26.74 ,orange,6/1/84
September P. Frost,1660091834799,(103) 688-9743,389-9936 Lacus. Avenue,eu.ligula@Nuncmauris.com,$72.60 ,green,6/1/84
Shannon T. Saunders,1605070910099,(602) 809-2108,245-648 Velit. Ave,vitae@tellussemmollis.co.uk,$54.93 ,green,3/10/93
Owen L. Fuller,1680091943799,(286) 300-5017,570-734 Elementum Avenue,enim.nec@nisinibh.net,$41.12 ,green,5/8/07
Casey Q. Eaton,1644073078399,(851) 611-7351,Ap #268-435 Nulla Street,erat.Etiam.vestibulum@nullaIn.org,$8.64 ,violet,3/9/99
Julian T. Daugherty,1675070193999,(728) 326-6287,"P.O. Box 582, 5175 Suspendisse Road",aliquet@lectus.org,$65.31 ,yellow,5/8/07
Angelica P. Frank,1676080121099,(557) 803-8033,Ap #358-1852 Velit Av.,fermentum@diamPellentesquehabitant.org,$55.21 ,yellow,3/9/99
Jakeem K. Barr,1602091058299,(731) 506-4560,6743 Senectus Rd.,Ut.tincidunt@ornareplaceratorci.ca,$83.22 ,orange,5/8/84
Drew I. Pruitt,1630111414599,(231) 410-7371,"P.O. Box 313, 2264 Dictum St.",Nullam.enim@dolorquamelementum.org,$26.50 ,indigo,1/1/00
Hunter F. Robles,1699111948699,(838) 902-5800,Ap #583-3686 Dui. Rd.,urna.suscipit.nonummy@loremauctorquis.ca,$58.26 ,violet,6/1/84
India M. Reeves,1620061830899,(837) 508-0611,9486 Diam. St.,pede.Suspendisse@orci.co.uk,$91.27 ,orange,10/5/17
Laith V. William,1693041157699,(338) 905-7090,Ap #663-8011 Dui. St.,Nam.ligula.elit@Aliquam.com,$16.98 ,violet,10/31/97
Sonya S. Holloway,1680121778899,(771) 676-4381,4572 Massa Street,ullamcorper@feliseget.net,$20.08 ,blue,5/27/97
Burke Y. Talley,1694121006299,(313) 207-3824,"P.O. Box 814, 3749 Diam Rd.",enim.Etiam.gravida@euligulaAenean.ca,$97.55 ,violet,6/6/86
Cleo F. England,1689020496499,(718) 685-3859,"P.O. Box 641, 4193 Dolor Road",lectus.sit.amet@sapienCras.com,$62.04 ,violet,5/12/84
Kylan X. Nicholson,1658062830399,(550) 128-9631,Ap #745-7083 Enim Road,ornare.tortor.at@erosnec.org,$59.24 ,indigo,5/8/07
Jacqueline N. Bolton,1640090303099,(256) 614-4439,189-3183 Turpis Rd.,mus.Proin.vel@erat.org,$53.94 ,orange,3/9/99
Shelly R. Cochran,1609051060499,(746) 264-6542,248-1139 Phasellus St.,arcu.Curabitur.ut@Crasconvallisconvallis.org,$35.17 ,green,5/8/84
Salvador Q. Ochoa,1627081001499,(493) 171-5621,Ap #573-7414 Quam Road,scelerisque.scelerisque.dui@ipsumDonecsollicitudin.edu,$73.06 ,yellow,1/1/00
Hilda E. Barry,1610071292199,(886) 255-2046,"P.O. Box 490, 3866 Praesent Avenue",Proin.velit.Sed@Curae.co.uk,$97.34 ,orange,6/1/84
Shafira A. Frederick,1673032075999,(329) 715-7660,"865-2690 Sed, Ave",dictum.placerat@fringilla.ca,$20.36 ,yellow,5/8/84
Hollee O. Tanner,1624100304799,(309) 980-1241,"P.O. Box 188, 3844 Porttitor Ave",enim.Etiam@est.com,$46.59 ,red,1/1/00
Stella G. Arnold,1652122552699,(601) 256-4770,"P.O. Box 159, 2429 Dolor. Street",dapibus@Donecestmauris.co.uk,$66.55 ,blue,6/1/84
Caesar K. Schwartz,1663071126799,(412) 822-8651,"7252 Ut, Rd.",ac.facilisis.facilisis@non.co.uk,$64.37 ,orange,-
Allistair Y. Kline,1621050455599,(783) 879-7532,"P.O. Box 170, 6541 Pede Ave",dui.semper@lectusCumsociis.ca,$13.12 ,red,8/1/06
Kato Y. Sweeney,1670052373799,(232) 194-6510,Ap #363-2926 Elementum Avenue,nonummy.ipsum@atlacus.edu,$90.46 ,blue,10/31/97
Morgan Y. Campbell,1663062570799,(658) 279-0069,514-5142 Ut Av.,laoreet@semut.net,$88.18 ,green,5/27/97
Magee U. Ayers,1669012395599,(671) 799-6761,852-6511 Purus St.,Fusce@nunc.co.uk,$50.27 ,indigo,5/8/07
Giselle K. Melendez,1610062938099,(645) 211-4225,"P.O. Box 861, 4527 Ipsum Street",et.pede@ametornare.com,$39.67 ,orange,3/9/99
Cleo V. Bradshaw,1692082665099,(140) 851-8243,"P.O. Box 929, 4617 Tempor Av.",erat.semper.rutrum@nisiaodio.ca,$31.40 ,red,-
Kamal Y. Chaney,1652042757699,(938) 253-1980,855-9821 Libero Rd.,erat.Etiam@nondui.com,$11.31 ,indigo,5/8/84
Brody W. Gill,1661060951499,(508) 729-4220,Ap #154-7575 Libero. Avenue,pharetra.felis@Sed.edu,$75.36 ,blue,1/1/00
Desiree J. Guzman,1632080703499,(143) 331-2993,"P.O. Box 839, 1274 Accumsan St.",nulla.Integer.urna@fermentumfermentumarcu.org,$51.53 ,green,6/1/84
Blair T. Tyson,1673051923799,(664) 666-7591,895-8879 Sagittis. St.,elit.Nulla.facilisi@per.co.uk,$58.93 ,indigo,3/10/93
Isaiah V. Mcdonald,1671081105799,(124) 740-6617,"P.O. Box 928, 5207 Odio. St.",montes@nonnisiAenean.ca,$44.93 ,red,5/8/07
Mira V. Tyler,1600102027699,(570) 196-5348,Ap #265-421 Et Rd.,tempus.non@Donecluctus.ca,$18.58 ,blue,3/9/99
Jakeem M. Burris,1681091715099,(291) 390-8865,Ap #447-1323 Molestie Rd.,magnis.dis@aliquetnecimperdiet.net,$37.96 ,blue,5/8/84
Astra Z. Carver,1679102782199,(806) 795-5239,"P.O. Box 542, 1890 Vivamus Avenue",Nullam.suscipit@hendreritDonec.edu,$35.28 ,red,1/1/00
Dai E. Nash,1650112076699,(376) 831-6282,Ap #785-4472 Leo. St.,sapien.molestie@dictumPhasellus.co.uk,$41.96 ,red,6/1/84